slice-19,slice-14,slice-7,slice-7,slice-7
slice-11,slice-16,slice-1,slice-1,slice-1
slice-26,slice-15,slice-6,slice-6,slice-6
slice-2,slice-4,slice-4,slice-4,slice-4
slice-16,slice-11,slice-2,slice-2,slice-12
slice-24,slice-12,slice-12,slice-12,slice-12
slice-20,slice-22,slice-22,slice-22,slice-21
slice-9,slice-18,slice-27,slice-27,slice-27
slice-15,slice-26,slice-6,slice-6,slice-6
slice-0,slice-9,slice-10,slice-10,slice-10
slice-8,slice-18,slice-9,slice-13,slice-13
slice-13,slice-10,slice-27,slice-27,slice-9
slice-4,slice-2,slice-2,slice-2,slice-2
slice-23,slice-7,slice-27,slice-27,slice-27
slice-27,slice-21,slice-13,slice-23,slice-23
slice-14,slice-19,slice-5,slice-5,slice-5
slice-22,slice-20,slice-25,slice-25,slice-5
slice-1,slice-11,slice-11,slice-11,slice-11
slice-3,slice-12,slice-24,slice-24,slice-24
slice-7,slice-23,slice-19,slice-19,slice-19
slice-17,slice-15,slice-28,slice-28,slice-21
slice-5,slice-19,slice-14,slice-14,slice-14
slice-21,slice-27,slice-17,slice-17,slice-17
slice-6,slice-26,slice-26,slice-26,slice-26
slice-12,slice-3,slice-24,slice-24,slice-24
slice-18,slice-8,slice-6,slice-28,slice-28
slice-28,slice-17,slice-17,slice-17,slice-17
slice-25,slice-7,slice-5,slice-5,slice-5
slice-10,slice-13,slice-0,slice-0,slice-0