slice-20,slice-3,slice-3,slice-3,slice-3
slice-15,slice-21,slice-6,slice-6,slice-6
slice-14,slice-4,slice-21,slice-21,slice-16
slice-4,slice-14,slice-14,slice-14,slice-14
slice-7,slice-1,slice-1,slice-1,slice-1
slice-21,slice-15,slice-15,slice-8,slice-15
slice-12,slice-13,slice-9,slice-9,slice-22
slice-0,slice-11,slice-7,slice-7,slice-7
slice-11,slice-20,slice-8,slice-8,slice-8
slice-1,slice-7,slice-7,slice-7,slice-7
slice-9,slice-10,slice-2,slice-2,slice-2
slice-22,slice-17,slice-19,slice-19,slice-5
slice-8,slice-13,slice-21,slice-21,slice-21
slice-13,slice-8,slice-5,slice-5,slice-5
slice-3,slice-20,slice-20,slice-20,slice-20
slice-6,slice-21,slice-15,slice-15,slice-15
slice-5,slice-17,slice-22,slice-22,slice-22
slice-19,slice-2,slice-22,slice-22,slice-2
slice-10,slice-9,slice-5,slice-5,slice-5
slice-2,slice-19,slice-9,slice-9,slice-9
slice-18,slice-1,slice-1,slice-1,slice-1
slice-16,slice-4,slice-6,slice-6,slice-14
slice-17,slice-5,slice-6,slice-6,slice-6